Store_ID,Store_Type,Store_Size_SQFT,Productivity_SQ_F_PerHour,Cost_Per_Hour_Labour_Only,Town,Postcode,Demand_Score,Priority_Level,Resource_Type,Estimated_Service_Time_Hours
Store_1,Medium,4738,141,24.72,TownC,PC_9806,2,Medium,Mobile,33.6
Store_2,Medium,3469,265,43.58,TownB,PC_4806,6,Medium,Mobile,13.09
Store_3,Small,1699,181,24.96,TownB,PC_7100,1,Low,Mobile,9.39
Store_4,Small,3054,272,43.64,TownD,PC_2719,7,High,Fixed,11.23
Store_5,Small,3180,134,33.61,TownD,PC_7686,9,Medium,Mobile,23.73
Store_6,Large,4818,257,45.8,TownC,PC_2587,5,Medium,Mobile,18.75
Store_7,Medium,1556,257,35.12,TownC,PC_8000,5,Medium,Mobile,6.05
Store_8,Large,1825,233,16.04,TownB,PC_1896,4,Medium,Mobile,7.83
Store_9,Small,3808,166,38.64,TownD,PC_6558,3,Medium,Fixed,22.94
Store_10,Large,2054,179,16.57,TownC,PC_9469,9,High,Mobile,11.47
Store_11,Medium,3582,106,30.77,TownD,PC_5647,5,Medium,Mobile,33.79
Store_12,Small,1425,279,47.53,TownD,PC_3432,8,Medium,Mobile,5.11
Store_13,Medium,4465,113,20.78,TownC,PC_4904,9,Low,Mobile,39.51
Store_14,Medium,3719,172,28.65,TownB,PC_7837,5,Medium,Fixed,21.62
Store_15,Large,3410,242,40.55,TownC,PC_2449,9,Low,Mobile,14.09
Store_16,Small,4508,248,45.88,TownC,PC_5500,2,Medium,Mobile,18.18
Store_17,Small,4741,262,38.48,TownD,PC_6454,9,High,Mobile,18.1
Store_18,Medium,2574,165,24.04,TownC,PC_5117,4,High,Mobile,15.6
Store_19,Large,4998,190,38.61,TownB,PC_9869,6,Medium,Fixed,26.31
Store_20,Small,3129,229,25.39,TownC,PC_3028,6,Medium,Mobile,13.66
Store_21,Small,3403,262,40.15,TownB,PC_7845,6,Low,Fixed,12.99
Store_22,Large,4329,119,48.39,TownB,PC_4758,2,Medium,Mobile,36.38
Store_23,Small,4789,109,40.25,TownD,PC_6904,7,High,Mobile,43.94
Store_24,Medium,1588,124,45.2,TownA,PC_5624,6,Medium,Mobile,12.81
Store_25,Large,3012,293,15.07,TownA,PC_9848,1,Medium,Mobile,10.28
Store_26,Medium,2547,124,40.12,TownD,PC_1165,2,High,Mobile,20.54
Store_27,Medium,1294,153,44.04,TownC,PC_5591,7,High,Mobile,8.46
Store_28,Small,2985,132,16.42,TownD,PC_1589,1,Medium,Mobile,22.61
Store_29,Medium,2247,263,45.51,TownB,PC_5524,1,Medium,Mobile,8.54
Store_30,Medium,2548,194,23.98,TownA,PC_3821,1,Low,Mobile,13.13
Store_31,Small,4117,113,38.29,TownD,PC_7509,8,Low,Mobile,36.43
Store_32,Small,2690,164,43.01,TownC,PC_8693,4,High,Mobile,16.4
Store_33,Large,2136,209,38.19,TownD,PC_1071,4,High,Mobile,10.22
Store_34,Medium,2256,179,18.23,TownA,PC_4580,2,High,Mobile,12.6
Store_35,Small,3064,153,35.87,TownD,PC_8962,1,Low,Fixed,20.03
Store_36,Large,1359,224,34.24,TownD,PC_1268,9,High,Mobile,6.07
Store_37,Large,4294,279,46.51,TownA,PC_3462,7,Medium,Fixed,15.39
Store_38,Medium,3913,230,29.15,TownB,PC_2015,4,Medium,Mobile,17.01
Store_39,Large,1699,268,26.24,TownB,PC_8984,6,Medium,Mobile,6.34
Store_40,Small,1447,233,41.24,TownA,PC_1406,2,Low,Mobile,6.21
Store_41,Small,3903,124,29.44,TownD,PC_8384,7,High,Mobile,31.48
Store_42,Medium,3412,240,37.61,TownA,PC_7049,2,Medium,Mobile,14.22
Store_43,Large,1674,216,37.63,TownB,PC_7169,8,Low,Mobile,7.75
Store_44,Large,2007,235,46.08,TownC,PC_8982,8,Low,Mobile,8.54
Store_45,Medium,2349,248,35.95,TownD,PC_1985,1,Low,Mobile,9.47
Store_46,Large,3514,295,32.58,TownB,PC_5485,8,Low,Mobile,11.91
Store_47,Large,3461,124,19.86,TownD,PC_9901,2,Medium,Fixed,27.91
Store_48,Large,4526,178,19.05,TownA,PC_3618,6,High,Mobile,25.43
Store_49,Medium,1585,167,20.4,TownC,PC_7289,1,Low,Mobile,9.49
Store_50,Medium,2256,272,21.01,TownA,PC_7928,5,Low,Mobile,8.29
Store_51,Medium,2247,287,37.33,TownC,PC_6368,7,Medium,Mobile,7.83
Store_52,Small,1993,111,40.93,TownD,PC_5621,1,High,Mobile,17.95
Store_53,Large,4902,131,33.55,TownD,PC_8566,2,Medium,Mobile,37.42
Store_54,Large,2435,227,44.02,TownA,PC_5670,7,Medium,Fixed,10.73
Store_55,Small,1571,195,49.69,TownC,PC_8658,6,Medium,Mobile,8.06
Store_56,Small,3382,191,43.7,TownC,PC_2003,3,Medium,Mobile,17.71
Store_57,Medium,2245,240,39.32,TownD,PC_8504,2,Low,Fixed,9.35
Store_58,Medium,3084,130,33.64,TownA,PC_3466,4,High,Fixed,23.72
Store_59,Large,1988,177,30.71,TownC,PC_2939,3,Medium,Mobile,11.23
Store_60,Small,1277,119,17.95,TownD,PC_2635,7,Medium,Fixed,10.73
Store_61,Small,2219,245,28.98,TownB,PC_9095,8,High,Mobile,9.06
Store_62,Medium,3963,159,46.85,TownA,PC_7265,2,Medium,Fixed,24.92
Store_63,Small,2887,290,43.28,TownB,PC_2895,7,Medium,Mobile,9.96
Store_64,Small,1483,233,22.56,TownA,PC_7524,8,Medium,Mobile,6.36
Store_65,Medium,2265,259,31.33,TownD,PC_2073,6,Low,Mobile,8.75
Store_66,Medium,4395,192,43.59,TownC,PC_6184,6,Low,Mobile,22.89
Store_67,Small,1730,142,17.36,TownC,PC_3402,1,Medium,Mobile,12.18
Store_68,Medium,3239,229,28.56,TownC,PC_5895,4,High,Mobile,14.14
Store_69,Medium,2040,159,44.81,TownA,PC_8331,1,High,Mobile,12.83
Store_70,Medium,3571,250,29.14,TownD,PC_2956,4,Medium,Mobile,14.28
Store_71,Small,1917,130,17.72,TownB,PC_8023,2,Low,Mobile,14.75
Store_72,Medium,3448,104,33.99,TownD,PC_4907,5,Low,Mobile,33.15
Store_73,Large,4977,261,45.16,TownB,PC_1807,9,High,Mobile,19.07
Store_74,Medium,1885,109,35.66,TownA,PC_9378,3,Medium,Mobile,17.29
Store_75,Large,3752,188,22.92,TownA,PC_5827,8,Medium,Fixed,19.96
Store_76,Medium,1021,229,28.45,TownB,PC_5524,3,High,Mobile,4.46
Store_77,Small,1473,225,30.75,TownB,PC_3284,6,High,Mobile,6.55
Store_78,Medium,4191,110,35.27,TownB,PC_6313,4,High,Mobile,38.1
Store_79,Medium,3257,277,41.58,TownD,PC_1757,8,Low,Mobile,11.76
Store_80,Large,3353,258,18.46,TownB,PC_5887,6,High,Mobile,13.0
Store_81,Small,4341,155,46.14,TownA,PC_4854,8,High,Mobile,28.01
Store_82,Medium,1703,182,15.43,TownA,PC_4558,1,Medium,Fixed,9.36
Store_83,Medium,1686,236,27.95,TownC,PC_1961,6,Medium,Mobile,7.14
Store_84,Medium,1284,198,15.96,TownB,PC_4847,1,Medium,Mobile,6.48
Store_85,Small,1715,248,28.75,TownD,PC_7726,1,High,Mobile,6.92
Store_86,Large,4747,172,33.4,TownD,PC_4575,8,Low,Fixed,27.6
Store_87,Medium,1762,255,32.91,TownD,PC_3418,7,Medium,Mobile,6.91
Store_88,Small,2250,289,20.8,TownC,PC_5198,3,Low,Mobile,7.79
Store_89,Large,1947,214,37.6,TownA,PC_2001,6,High,Mobile,9.1
Store_90,Medium,3428,106,16.57,TownD,PC_6244,9,Low,Mobile,32.34
Store_91,Large,3507,179,41.67,TownA,PC_8119,7,Medium,Mobile,19.59
Store_92,Small,2030,243,48.13,TownC,PC_5066,3,Medium,Mobile,8.35
Store_93,Medium,1028,196,26.89,TownB,PC_3845,6,High,Fixed,5.24
Store_94,Medium,1906,103,33.1,TownB,PC_9849,4,Medium,Mobile,18.5
Store_95,Large,4104,103,28.26,TownB,PC_6316,3,Low,Mobile,39.84
Store_96,Small,4717,202,15.23,TownD,PC_1422,9,High,Mobile,23.35
Store_97,Small,3926,139,28.51,TownB,PC_7715,2,Medium,Mobile,28.24
Store_98,Small,3126,116,42.71,TownD,PC_5266,1,High,Mobile,26.95
Store_99,Small,4999,200,35.86,TownC,PC_8549,2,Low,Mobile,25.0
Store_100,Medium,3994,202,18.54,TownC,PC_7316,7,Medium,Mobile,19.77
Store_101,Small,3506,223,44.65,TownD,PC_3710,1,Medium,Mobile,15.72
Store_102,Small,1569,151,33.59,TownA,PC_9644,6,Low,Mobile,10.39
Store_103,Large,3006,151,44.46,TownB,PC_9069,7,Medium,Mobile,19.91
Store_104,Large,4609,263,35.31,TownB,PC_2657,9,Medium,Fixed,17.52
Store_105,Small,4553,223,34.59,TownB,PC_3541,8,High,Mobile,20.42
Store_106,Small,2453,265,18.68,TownD,PC_7763,6,Medium,Mobile,9.26
Store_107,Medium,1737,277,20.86,TownC,PC_4075,3,Medium,Mobile,6.27
Store_108,Small,4356,162,49.02,TownB,PC_4164,8,Medium,Mobile,26.89
Store_109,Small,1515,215,23.0,TownC,PC_3053,7,High,Fixed,7.05
Store_110,Small,3000,290,49.21,TownB,PC_9479,3,Medium,Mobile,10.34
Store_111,Small,4170,161,33.62,TownB,PC_6737,9,Medium,Mobile,25.9
Store_112,Large,3444,106,19.75,TownD,PC_4217,2,Medium,Mobile,32.49
Store_113,Small,4560,254,18.48,TownA,PC_2447,3,Medium,Mobile,17.95
Store_114,Medium,1038,191,22.31,TownD,PC_7009,2,Medium,Mobile,5.43
Store_115,Medium,4342,113,47.4,TownB,PC_1607,1,High,Mobile,38.42
Store_116,Small,1886,298,29.5,TownB,PC_5552,4,Medium,Fixed,6.33
Store_117,Medium,3844,185,28.84,TownA,PC_2764,5,High,Fixed,20.78
Store_118,Small,3204,232,25.96,TownC,PC_3671,6,Low,Mobile,13.81
Store_119,Medium,2098,282,20.15,TownC,PC_7519,5,Medium,Mobile,7.44
Store_120,Small,3931,229,32.07,TownB,PC_4962,1,High,Fixed,17.17
Store_121,Small,2823,161,19.55,TownC,PC_4177,3,Low,Mobile,17.53
Store_122,Medium,4201,248,44.24,TownB,PC_4722,1,High,Mobile,16.94
Store_123,Small,2710,178,27.96,TownA,PC_5906,5,Medium,Mobile,15.22
Store_124,Small,1973,248,28.12,TownA,PC_8263,5,High,Fixed,7.96
Store_125,Small,4155,237,31.59,TownB,PC_6054,6,Medium,Fixed,17.53
Store_126,Small,4093,157,30.54,TownA,PC_1808,8,Medium,Mobile,26.07
Store_127,Large,4530,219,49.82,TownD,PC_1725,1,Low,Mobile,20.68
Store_128,Small,2562,266,34.09,TownD,PC_8701,4,Medium,Mobile,9.63
Store_129,Medium,4778,232,18.09,TownA,PC_2216,1,Low,Mobile,20.59
Store_130,Medium,3896,164,36.24,TownB,PC_5051,9,Low,Mobile,23.76
Store_131,Medium,4453,112,20.31,TownB,PC_3197,7,Low,Mobile,39.76
Store_132,Small,3795,280,16.08,TownA,PC_3806,7,Medium,Mobile,13.55
Store_133,Small,4511,181,48.98,TownC,PC_9970,5,High,Fixed,24.92
Store_134,Large,4675,272,42.07,TownD,PC_1972,7,Low,Mobile,17.19
Store_135,Large,1988,259,49.3,TownC,PC_6634,2,Low,Mobile,7.68
Store_136,Large,1020,263,31.73,TownB,PC_8483,4,Medium,Mobile,3.88
Store_137,Small,3350,287,33.63,TownB,PC_3123,7,Low,Mobile,11.67
Store_138,Small,1868,238,20.89,TownC,PC_9790,3,Low,Mobile,7.85
Store_139,Small,1083,290,23.64,TownA,PC_1224,2,Low,Fixed,3.73
Store_140,Medium,4845,248,44.35,TownC,PC_2814,2,High,Fixed,19.54
Store_141,Small,2682,151,27.47,TownC,PC_2106,1,High,Mobile,17.76
Store_142,Large,2976,282,43.94,TownD,PC_1124,5,Medium,Mobile,10.55
Store_143,Small,4524,216,39.82,TownD,PC_4246,6,Medium,Fixed,20.94
Store_144,Large,2410,125,21.2,TownC,PC_3931,6,Medium,Mobile,19.28
Store_145,Medium,2530,295,32.76,TownC,PC_3971,9,Medium,Mobile,8.58
Store_146,Large,4328,133,38.71,TownB,PC_3017,4,Medium,Mobile,32.54
Store_147,Small,1569,151,23.23,TownD,PC_8415,1,Medium,Fixed,10.39
Store_148,Medium,4963,211,44.07,TownD,PC_3415,6,Medium,Mobile,23.52
Store_149,Medium,1933,181,34.07,TownB,PC_4096,5,Low,Mobile,10.68
Store_150,Small,4598,279,20.78,TownA,PC_2609,6,Medium,Fixed,16.48
Store_151,Small,4233,256,35.4,TownD,PC_1717,3,High,Mobile,16.54
Store_152,Large,2980,265,49.99,TownD,PC_4561,2,Medium,Mobile,11.25
Store_153,Medium,4234,141,20.27,TownA,PC_7782,6,High,Mobile,30.03
Store_154,Small,2855,120,43.59,TownD,PC_2048,1,High,Fixed,23.79
Store_155,Small,4056,141,22.26,TownD,PC_9307,7,Low,Mobile,28.77
Store_156,Medium,1792,240,42.38,TownA,PC_8905,7,Medium,Fixed,7.47
Store_157,Medium,1791,212,40.71,TownA,PC_6578,7,Medium,Mobile,8.45
Store_158,Small,4595,204,25.52,TownC,PC_2620,1,High,Mobile,22.52
Store_159,Small,2809,291,26.4,TownB,PC_7548,4,High,Fixed,9.65
Store_160,Small,2294,116,42.74,TownB,PC_8381,7,Medium,Mobile,19.78
Store_161,Medium,3539,219,31.15,TownA,PC_5780,9,Medium,Mobile,16.16
Store_162,Medium,3255,236,40.58,TownA,PC_4792,5,High,Mobile,13.79
Store_163,Small,4610,268,20.18,TownD,PC_3941,2,Low,Mobile,17.2
Store_164,Large,2607,228,44.84,TownC,PC_6695,7,High,Mobile,11.43
Store_165,Medium,2083,229,39.88,TownC,PC_7401,1,High,Mobile,9.1
Store_166,Small,3477,159,46.74,TownA,PC_7197,7,Medium,Mobile,21.87
Store_167,Small,1984,147,19.63,TownD,PC_6450,6,Medium,Fixed,13.5
Store_168,Small,2680,128,35.76,TownD,PC_9975,7,Medium,Mobile,20.94
Store_169,Large,4676,196,35.97,TownB,PC_9432,3,Medium,Fixed,23.86
Store_170,Medium,4380,109,27.37,TownB,PC_6874,3,Medium,Mobile,40.18
Store_171,Medium,1519,157,31.05,TownD,PC_2553,7,High,Mobile,9.68
Store_172,Medium,1590,287,16.33,TownB,PC_2012,2,High,Mobile,5.54
Store_173,Medium,2050,120,41.11,TownA,PC_9378,1,High,Mobile,17.08
Store_174,Medium,2709,127,34.23,TownD,PC_2881,9,Low,Mobile,21.33
Store_175,Small,4633,133,17.02,TownB,PC_7799,9,High,Mobile,34.83
Store_176,Medium,3035,107,38.83,TownC,PC_5586,7,High,Fixed,28.36
Store_177,Small,3246,286,31.34,TownD,PC_9622,7,Medium,Fixed,11.35
Store_178,Small,3434,299,16.21,TownD,PC_9430,3,Low,Mobile,11.48
Store_179,Small,1348,276,48.94,TownC,PC_7447,2,Medium,Fixed,4.88
Store_180,Small,1959,178,48.22,TownA,PC_3345,7,High,Mobile,11.01
Store_181,Small,2963,244,32.95,TownC,PC_1075,9,Medium,Mobile,12.14
Store_182,Small,1692,287,18.28,TownD,PC_6877,1,High,Fixed,5.9
Store_183,Large,2559,186,41.41,TownA,PC_7785,4,Medium,Mobile,13.76
Store_184,Small,4899,187,32.22,TownB,PC_5922,6,High,Mobile,26.2
Store_185,Small,1377,272,25.59,TownB,PC_9090,7,Low,Mobile,5.06
Store_186,Medium,3946,168,32.2,TownB,PC_3330,7,Medium,Mobile,23.49
Store_187,Large,3963,259,33.29,TownD,PC_5686,2,Medium,Mobile,15.3
Store_188,Small,4629,271,34.69,TownC,PC_2902,4,Low,Mobile,17.08
Store_189,Medium,1526,292,30.44,TownA,PC_5670,5,High,Fixed,5.23
Store_190,Medium,4224,186,36.2,TownB,PC_8143,1,Medium,Mobile,22.71
Store_191,Small,3781,200,47.16,TownA,PC_3059,1,Medium,Mobile,18.9
Store_192,Large,3253,107,27.68,TownD,PC_1140,3,Medium,Mobile,30.4
Store_193,Large,3502,176,40.4,TownB,PC_2789,3,Medium,Mobile,19.9
Store_194,Small,4344,299,46.31,TownD,PC_1016,8,Low,Mobile,14.53
Store_195,Small,4965,186,30.96,TownC,PC_1464,9,Low,Mobile,26.69
Store_196,Large,2259,142,30.52,TownD,PC_5471,1,High,Fixed,15.91
Store_197,Medium,2875,228,36.07,TownD,PC_2827,2,Medium,Fixed,12.61
Store_198,Medium,2763,208,35.7,TownC,PC_9711,2,High,Fixed,13.28
Store_199,Medium,1520,278,43.23,TownA,PC_6956,4,High,Fixed,5.47
Store_200,Medium,2701,251,31.68,TownC,PC_1089,2,Medium,Mobile,10.76
Store_201,Large,2016,251,49.86,TownC,PC_5815,7,Medium,Fixed,8.03
Store_202,Large,4003,116,17.08,TownD,PC_3851,9,Medium,Mobile,34.51
Store_203,Large,4902,232,15.11,TownA,PC_3843,7,High,Mobile,21.13
Store_204,Medium,3773,247,37.41,TownB,PC_7543,6,High,Mobile,15.28
Store_205,Large,2013,120,25.45,TownC,PC_6901,1,Medium,Mobile,16.77
Store_206,Medium,3548,157,23.41,TownA,PC_1969,9,High,Mobile,22.6
Store_207,Medium,1116,258,25.92,TownC,PC_2094,5,Low,Fixed,4.33
Store_208,Small,3433,209,23.96,TownC,PC_7124,5,High,Mobile,16.43
Store_209,Large,2367,238,16.08,TownC,PC_8347,6,High,Mobile,9.95
Store_210,Large,1583,279,49.0,TownC,PC_4195,9,Low,Mobile,5.67
Store_211,Medium,1394,242,22.73,TownD,PC_2404,8,Medium,Mobile,5.76
Store_212,Large,2087,234,40.69,TownA,PC_7940,8,Low,Mobile,8.92
Store_213,Medium,4788,127,41.69,TownA,PC_5290,8,Medium,Mobile,37.7
Store_214,Small,3768,150,47.52,TownA,PC_4982,1,High,Mobile,25.12
Store_215,Small,1071,285,16.07,TownC,PC_6555,1,Medium,Mobile,3.76
Store_216,Small,4860,104,45.52,TownD,PC_8954,8,Low,Mobile,46.73
Store_217,Small,1273,104,33.45,TownC,PC_5713,5,Medium,Mobile,12.24
Store_218,Small,3013,193,37.14,TownC,PC_4092,9,High,Mobile,15.61
Store_219,Medium,2343,195,37.56,TownA,PC_5159,2,Medium,Mobile,12.02
Store_220,Small,1337,107,43.69,TownC,PC_7308,9,Medium,Mobile,12.5
Store_221,Medium,2389,163,26.67,TownB,PC_8478,8,Low,Mobile,14.66
Store_222,Small,4566,237,40.66,TownC,PC_9476,9,High,Mobile,19.27
Store_223,Medium,1606,137,33.5,TownB,PC_5933,4,High,Mobile,11.72
Store_224,Small,1165,210,42.77,TownC,PC_5926,1,Medium,Mobile,5.55
Store_225,Small,2567,211,49.67,TownD,PC_4969,1,Low,Mobile,12.17
Store_226,Medium,3058,180,22.02,TownD,PC_3965,5,Low,Mobile,16.99
Store_227,Medium,2324,235,49.81,TownA,PC_5319,2,Low,Mobile,9.89
Store_228,Small,1728,203,18.14,TownC,PC_9975,8,Medium,Fixed,8.51
Store_229,Large,3848,252,15.08,TownB,PC_8108,5,High,Fixed,15.27
Store_230,Small,3043,172,16.55,TownB,PC_4939,5,Medium,Mobile,17.69
Store_231,Medium,1101,293,26.96,TownC,PC_1044,2,High,Mobile,3.76
Store_232,Large,4496,277,37.15,TownB,PC_2810,7,Medium,Mobile,16.23
Store_233,Medium,2415,294,17.42,TownD,PC_5566,8,High,Fixed,8.21
Store_234,Medium,1778,148,15.2,TownB,PC_2909,1,High,Fixed,12.01
Store_235,Medium,1213,135,47.8,TownA,PC_7364,2,Low,Mobile,8.99
Store_236,Medium,4762,225,43.77,TownD,PC_3581,4,Medium,Fixed,21.16
Store_237,Medium,2111,167,43.32,TownD,PC_1691,5,Medium,Mobile,12.64
Store_238,Small,2576,177,45.95,TownD,PC_1931,2,Low,Mobile,14.55
Store_239,Small,3448,204,39.5,TownC,PC_8910,1,Medium,Mobile,16.9
Store_240,Medium,3635,268,18.65,TownC,PC_7382,9,Medium,Mobile,13.56
Store_241,Large,3936,221,28.97,TownD,PC_4406,1,High,Fixed,17.81
Store_242,Medium,4117,218,40.31,TownC,PC_9339,4,Medium,Mobile,18.89
Store_243,Small,2695,289,24.81,TownB,PC_2032,2,High,Mobile,9.33
Store_244,Medium,4534,213,39.06,TownC,PC_2311,4,Medium,Fixed,21.29
Store_245,Medium,1591,109,15.86,TownC,PC_9579,8,High,Fixed,14.6
Store_246,Small,2333,248,25.71,TownD,PC_4121,8,Medium,Mobile,9.41
Store_247,Small,2109,263,34.22,TownA,PC_2873,9,High,Mobile,8.02
Store_248,Medium,3139,239,37.12,TownA,PC_7781,5,Medium,Mobile,13.13
Store_249,Medium,4731,190,35.2,TownA,PC_4748,7,Medium,Mobile,24.9
Store_250,Small,3720,101,39.42,TownB,PC_1277,3,Medium,Fixed,36.83
Store_251,Small,1713,217,15.21,TownC,PC_2859,4,Medium,Fixed,7.89
Store_252,Small,1935,112,18.53,TownA,PC_6929,9,Low,Mobile,17.28
Store_253,Small,2951,280,45.41,TownD,PC_7792,1,Low,Mobile,10.54
Store_254,Large,1241,259,38.86,TownA,PC_5713,2,Low,Mobile,4.79
Store_255,Large,3043,194,18.95,TownA,PC_5675,5,High,Fixed,15.69
Store_256,Small,4936,243,44.47,TownC,PC_2170,3,Medium,Mobile,20.31
Store_257,Large,1001,131,23.48,TownC,PC_9681,2,Medium,Mobile,7.64
Store_258,Medium,3272,131,31.74,TownC,PC_6308,1,High,Mobile,24.98
Store_259,Medium,3848,223,20.08,TownB,PC_3462,3,Medium,Mobile,17.26
Store_260,Medium,2768,110,39.85,TownB,PC_1287,1,Medium,Mobile,25.16
Store_261,Small,2949,109,38.34,TownA,PC_6953,1,Low,Mobile,27.06
Store_262,Small,3636,114,22.39,TownC,PC_5282,1,High,Fixed,31.89
Store_263,Medium,3163,116,45.22,TownA,PC_2907,8,High,Fixed,27.27
Store_264,Medium,4737,267,29.05,TownD,PC_2161,3,High,Mobile,17.74
Store_265,Small,1917,245,25.24,TownD,PC_1129,1,Medium,Mobile,7.82
Store_266,Large,4174,282,20.33,TownC,PC_7337,7,High,Mobile,14.8
Store_267,Medium,3241,252,24.32,TownC,PC_3363,3,Low,Mobile,12.86
Store_268,Small,4237,158,15.77,TownD,PC_9151,8,Low,Mobile,26.82
Store_269,Large,3918,177,35.41,TownC,PC_6983,4,Low,Fixed,22.14
Store_270,Large,1089,223,44.48,TownB,PC_1143,4,Medium,Mobile,4.88
Store_271,Large,2709,213,34.21,TownB,PC_9207,5,Medium,Mobile,12.72
Store_272,Small,3169,121,22.67,TownC,PC_8469,6,Medium,Fixed,26.19
Store_273,Medium,1142,257,16.18,TownD,PC_1244,7,Low,Fixed,4.44
Store_274,Medium,4041,271,22.51,TownA,PC_1926,4,Medium,Mobile,14.91
Store_275,Medium,1105,131,29.56,TownC,PC_4178,8,High,Mobile,8.44
Store_276,Large,1886,278,41.59,TownC,PC_3176,6,Medium,Mobile,6.78
Store_277,Medium,1427,273,21.57,TownA,PC_6002,1,High,Mobile,5.23
Store_278,Large,2328,212,40.19,TownC,PC_1886,1,Medium,Mobile,10.98
Store_279,Large,2895,219,45.34,TownA,PC_9532,9,High,Mobile,13.22
Store_280,Large,2994,248,30.89,TownD,PC_4398,6,Medium,Fixed,12.07
Store_281,Medium,1316,221,43.75,TownB,PC_9497,8,Medium,Mobile,5.95
Store_282,Small,2986,131,34.41,TownD,PC_3654,7,Medium,Mobile,22.79
Store_283,Small,1634,218,37.3,TownB,PC_8392,6,Medium,Mobile,7.5
Store_284,Large,2925,138,33.42,TownA,PC_2371,4,High,Mobile,21.2
Store_285,Small,3056,111,31.21,TownB,PC_8135,7,Medium,Fixed,27.53
Store_286,Medium,3821,274,23.21,TownD,PC_1320,9,Medium,Mobile,13.95
Store_287,Small,4144,117,25.61,TownB,PC_5654,7,High,Mobile,35.42
Store_288,Medium,4430,248,25.15,TownA,PC_6300,1,Medium,Mobile,17.86
Store_289,Large,3270,240,34.72,TownB,PC_7761,9,Medium,Mobile,13.62
Store_290,Large,2439,248,19.2,TownC,PC_7854,4,Medium,Mobile,9.83
Store_291,Small,1552,225,47.09,TownD,PC_6505,3,Medium,Mobile,6.9
Store_292,Large,4441,235,40.22,TownC,PC_7553,4,Medium,Mobile,18.9
Store_293,Medium,1715,145,29.05,TownA,PC_5042,4,Medium,Mobile,11.83
Store_294,Small,2287,203,20.55,TownB,PC_8498,2,High,Mobile,11.27
Store_295,Medium,4911,234,45.87,TownC,PC_7636,1,Medium,Fixed,20.99
Store_296,Medium,2713,250,43.83,TownC,PC_8362,1,Medium,Fixed,10.85
Store_297,Small,2883,185,40.26,TownB,PC_1011,8,Medium,Mobile,15.58
Store_298,Medium,4389,249,24.5,TownB,PC_1194,2,High,Mobile,17.63
Store_299,Small,2107,188,29.09,TownD,PC_3537,5,High,Mobile,11.21
Store_300,Small,2341,121,18.6,TownC,PC_3842,4,Medium,Mobile,19.35
Store_301,Medium,1110,191,21.62,TownC,PC_3229,8,High,Mobile,5.81
Store_302,Small,1250,128,42.41,TownA,PC_4009,2,Medium,Fixed,9.77
Store_303,Medium,3430,112,40.03,TownD,PC_8984,9,Medium,Fixed,30.62
Store_304,Medium,3054,101,35.77,TownA,PC_3077,7,Low,Mobile,30.24
Store_305,Medium,1458,128,46.35,TownC,PC_8845,7,Medium,Mobile,11.39
Store_306,Medium,2107,279,35.41,TownA,PC_4867,1,Medium,Fixed,7.55
Store_307,Large,1207,126,31.34,TownC,PC_5873,2,High,Fixed,9.58
Store_308,Medium,1899,149,26.91,TownC,PC_9635,4,Medium,Mobile,12.74
Store_309,Medium,4461,194,47.92,TownA,PC_1297,4,High,Mobile,22.99
Store_310,Small,4385,250,17.9,TownA,PC_6856,3,Medium,Mobile,17.54
Store_311,Medium,1021,187,47.58,TownB,PC_2015,7,Medium,Mobile,5.46
Store_312,Medium,1409,143,43.94,TownB,PC_2384,8,Medium,Mobile,9.85
Store_313,Small,1894,121,19.55,TownB,PC_9745,2,Low,Mobile,15.65
Store_314,Medium,1514,270,34.77,TownC,PC_3350,4,Medium,Mobile,5.61
Store_315,Medium,4198,264,45.33,TownA,PC_2269,3,Low,Mobile,15.9
Store_316,Large,1808,288,35.01,TownD,PC_2260,2,Medium,Mobile,6.28
Store_317,Large,4771,196,46.75,TownC,PC_8701,6,Medium,Mobile,24.34
Store_318,Medium,1873,283,48.0,TownD,PC_9376,4,High,Fixed,6.62
Store_319,Small,1013,102,29.78,TownA,PC_5563,6,Medium,Fixed,9.93
Store_320,Small,1970,290,28.21,TownC,PC_7897,2,Low,Mobile,6.79
Store_321,Large,4025,217,47.77,TownD,PC_6672,4,Medium,Mobile,18.55
Store_322,Large,4061,118,38.63,TownD,PC_6593,6,High,Fixed,34.42
Store_323,Small,4083,122,19.06,TownB,PC_7155,5,High,Mobile,33.47
Store_324,Medium,3134,256,16.48,TownB,PC_6543,3,Medium,Mobile,12.24
Store_325,Small,4595,129,34.76,TownB,PC_8240,8,Medium,Mobile,35.62
Store_326,Small,3956,138,47.56,TownC,PC_5683,7,Low,Mobile,28.67
Store_327,Small,2560,207,44.55,TownA,PC_2881,3,High,Mobile,12.37
Store_328,Small,2324,210,38.65,TownA,PC_9713,6,Medium,Fixed,11.07
Store_329,Large,2266,124,19.87,TownB,PC_4809,4,Medium,Mobile,18.27
Store_330,Medium,3169,227,23.9,TownB,PC_6807,5,Medium,Mobile,13.96
Store_331,Small,4218,210,45.64,TownB,PC_5883,5,Low,Fixed,20.09
Store_332,Medium,4638,235,21.4,TownD,PC_8206,7,High,Mobile,19.74
Store_333,Large,1749,205,24.75,TownB,PC_5155,5,Low,Mobile,8.53
Store_334,Large,4427,285,19.54,TownD,PC_5673,3,Medium,Mobile,15.53
Store_335,Small,1684,243,38.66,TownA,PC_2409,5,Medium,Mobile,6.93
Store_336,Small,2927,171,48.04,TownC,PC_6197,7,High,Mobile,17.12
Store_337,Small,4804,228,24.41,TownC,PC_8452,5,High,Mobile,21.07
Store_338,Small,4702,207,31.64,TownC,PC_9718,5,Medium,Mobile,22.71
Store_339,Small,3356,104,37.2,TownC,PC_3172,9,Medium,Mobile,32.27
Store_340,Medium,1694,102,49.98,TownD,PC_1279,3,High,Mobile,16.61
Store_341,Small,3335,292,18.67,TownD,PC_4977,6,Low,Mobile,11.42
Store_342,Small,1306,231,32.45,TownB,PC_3669,1,Medium,Mobile,5.65
Store_343,Small,4883,203,28.48,TownD,PC_8825,5,Medium,Mobile,24.05
Store_344,Small,4665,163,45.3,TownB,PC_4981,8,High,Mobile,28.62
Store_345,Small,2989,205,31.66,TownB,PC_5769,5,Medium,Fixed,14.58
Store_346,Medium,3961,197,18.88,TownC,PC_6247,9,High,Mobile,20.11
Store_347,Small,4794,109,37.2,TownD,PC_5427,6,Medium,Mobile,43.98
Store_348,Small,1661,248,41.98,TownD,PC_7135,8,Medium,Mobile,6.7
Store_349,Medium,1548,227,15.1,TownB,PC_6573,8,Medium,Mobile,6.82
Store_350,Medium,4423,145,45.06,TownB,PC_5131,3,Medium,Mobile,30.5
Store_351,Small,1311,254,21.51,TownA,PC_8189,7,Medium,Fixed,5.16
Store_352,Small,3920,165,34.32,TownA,PC_5535,7,Medium,Fixed,23.76
Store_353,Small,2082,268,29.55,TownB,PC_3776,6,Low,Mobile,7.77
Store_354,Large,4714,211,40.19,TownA,PC_8697,7,High,Mobile,22.34
Store_355,Medium,3971,112,27.99,TownA,PC_9386,2,High,Mobile,35.46
Store_356,Medium,2737,236,45.44,TownB,PC_1662,9,Medium,Mobile,11.6
Store_357,Large,1754,263,40.57,TownB,PC_9671,1,Medium,Mobile,6.67
Store_358,Small,1034,185,37.67,TownD,PC_9044,1,Low,Mobile,5.59
Store_359,Large,1444,189,42.87,TownB,PC_5218,3,Medium,Fixed,7.64
Store_360,Medium,3140,157,41.39,TownB,PC_6060,3,High,Mobile,20.0
Store_361,Small,2982,153,16.26,TownC,PC_6874,1,Low,Mobile,19.49
Store_362,Medium,2230,111,28.82,TownD,PC_6581,7,Low,Mobile,20.09
Store_363,Medium,1352,113,47.58,TownD,PC_3014,4,High,Mobile,11.96
Store_364,Medium,1902,220,19.4,TownD,PC_4789,2,Medium,Mobile,8.65
Store_365,Large,2355,261,40.8,TownC,PC_8148,5,Low,Fixed,9.02
Store_366,Small,4888,280,49.11,TownB,PC_8766,6,Medium,Mobile,17.46
Store_367,Medium,3909,220,16.83,TownD,PC_3364,9,Medium,Mobile,17.77
Store_368,Small,2748,119,38.88,TownD,PC_4629,4,Medium,Mobile,23.09
Store_369,Large,1158,174,31.39,TownA,PC_6919,2,High,Mobile,6.66
Store_370,Medium,2977,243,35.27,TownD,PC_6675,5,High,Fixed,12.25
Store_371,Small,1956,169,17.99,TownB,PC_9872,3,Medium,Mobile,11.57
Store_372,Small,3071,155,16.51,TownB,PC_7638,2,High,Mobile,19.81
Store_373,Small,1403,200,38.34,TownA,PC_5651,1,Medium,Fixed,7.02
Store_374,Small,3852,285,43.82,TownD,PC_1609,2,High,Mobile,13.52
Store_375,Small,1515,231,42.37,TownD,PC_8940,6,Medium,Mobile,6.56
Store_376,Medium,3779,210,34.03,TownD,PC_4866,8,High,Mobile,18.0
Store_377,Medium,2387,224,18.5,TownC,PC_1371,3,High,Fixed,10.66
Store_378,Medium,4453,231,39.08,TownD,PC_7998,9,Low,Mobile,19.28
Store_379,Large,3579,119,23.47,TownB,PC_1615,9,High,Mobile,30.08
Store_380,Medium,1955,237,46.89,TownB,PC_7911,2,High,Mobile,8.25
Store_381,Medium,3199,123,44.34,TownC,PC_7010,8,High,Mobile,26.01
Store_382,Medium,4633,253,39.83,TownC,PC_3253,5,Medium,Mobile,18.31
Store_383,Small,2712,136,48.21,TownD,PC_5942,4,High,Mobile,19.94
Store_384,Small,3994,153,16.1,TownA,PC_1864,5,High,Mobile,26.1
Store_385,Small,1607,202,40.77,TownC,PC_2268,4,Medium,Mobile,7.96
Store_386,Small,4688,248,26.56,TownC,PC_8454,8,High,Mobile,18.9
Store_387,Small,3467,137,46.71,TownD,PC_9976,4,Low,Mobile,25.31
Store_388,Small,2273,273,24.33,TownD,PC_5571,6,Low,Fixed,8.33
Store_389,Large,4188,103,40.37,TownC,PC_6229,2,Medium,Mobile,40.66
Store_390,Medium,3913,287,45.72,TownA,PC_3237,5,Medium,Mobile,13.63
Store_391,Small,2535,156,16.46,TownC,PC_5054,6,Medium,Mobile,16.25
Store_392,Small,4811,272,28.92,TownD,PC_1935,5,Low,Mobile,17.69
Store_393,Small,3625,119,41.68,TownD,PC_7394,2,High,Fixed,30.46
Store_394,Medium,3382,116,30.92,TownC,PC_8891,7,Low,Fixed,29.16
Store_395,Medium,2441,218,24.35,TownA,PC_1325,4,Low,Fixed,11.2
Store_396,Large,3979,170,22.69,TownC,PC_8774,8,Low,Mobile,23.41
Store_397,Small,2797,103,19.6,TownC,PC_4861,7,Medium,Mobile,27.16
Store_398,Large,1294,113,45.0,TownD,PC_2985,7,High,Mobile,11.45
Store_399,Large,1754,102,35.14,TownA,PC_5932,9,Medium,Mobile,17.2
Store_400,Small,2394,179,17.67,TownB,PC_5603,1,High,Mobile,13.37
Store_401,Medium,1185,285,28.39,TownA,PC_3778,6,Low,Fixed,4.16
Store_402,Medium,2269,154,27.87,TownC,PC_9832,6,Medium,Mobile,14.73
Store_403,Medium,1636,231,21.36,TownC,PC_8754,6,Medium,Mobile,7.08
Store_404,Medium,2291,219,30.24,TownC,PC_5078,6,Medium,Mobile,10.46
Store_405,Medium,4714,123,26.62,TownA,PC_2367,7,Low,Fixed,38.33
Store_406,Medium,4308,261,26.96,TownD,PC_5042,6,Medium,Mobile,16.51
Store_407,Large,1529,257,40.87,TownC,PC_3575,1,Medium,Mobile,5.95
Store_408,Large,4623,181,22.81,TownC,PC_7754,3,High,Fixed,25.54
Store_409,Medium,3068,246,37.47,TownA,PC_2581,2,Medium,Mobile,12.47
Store_410,Large,3958,258,34.97,TownB,PC_2986,6,Low,Mobile,15.34
Store_411,Medium,4808,287,34.88,TownB,PC_3240,8,Medium,Mobile,16.75
Store_412,Medium,3914,159,38.21,TownD,PC_4966,3,Low,Mobile,24.62
Store_413,Medium,1793,246,34.19,TownD,PC_8604,8,High,Fixed,7.29
Store_414,Small,4591,148,45.77,TownC,PC_9320,8,Medium,Mobile,31.02
Store_415,Medium,3147,162,38.65,TownA,PC_6968,5,Low,Mobile,19.43
Store_416,Medium,3799,209,34.14,TownC,PC_8493,8,High,Mobile,18.18
Store_417,Medium,1477,249,44.04,TownD,PC_5103,6,Medium,Mobile,5.93
Store_418,Large,2622,251,36.22,TownA,PC_3076,5,Low,Mobile,10.45
Store_419,Small,4369,208,25.19,TownA,PC_6231,9,Medium,Mobile,21.0
Store_420,Medium,1939,175,22.25,TownD,PC_3994,7,Medium,Mobile,11.08
Store_421,Medium,1525,129,20.33,TownB,PC_4744,8,High,Mobile,11.82
Store_422,Medium,3381,157,46.48,TownB,PC_6594,1,High,Fixed,21.54
Store_423,Medium,1001,216,39.85,TownA,PC_8531,2,High,Mobile,4.63
Store_424,Large,1374,258,47.81,TownC,PC_8371,8,Medium,Mobile,5.33
Store_425,Medium,3340,199,36.12,TownB,PC_2644,9,Medium,Mobile,16.78
Store_426,Small,3884,291,31.57,TownC,PC_4144,4,High,Fixed,13.35
Store_427,Small,4052,118,17.09,TownB,PC_1242,9,Low,Mobile,34.34
Store_428,Medium,1552,275,38.51,TownB,PC_5085,4,Medium,Mobile,5.64
Store_429,Small,3365,272,35.38,TownC,PC_8954,9,Medium,Mobile,12.37
Store_430,Small,2525,193,49.66,TownD,PC_8269,7,Low,Mobile,13.08
Store_431,Medium,2851,282,23.37,TownB,PC_8130,2,Medium,Mobile,10.11
Store_432,Small,1380,212,33.58,TownB,PC_7828,9,High,Fixed,6.51
Store_433,Medium,2646,282,37.78,TownC,PC_9362,4,High,Fixed,9.38
Store_434,Medium,1013,245,37.56,TownD,PC_9844,8,Low,Mobile,4.13
Store_435,Medium,1503,162,34.65,TownB,PC_7331,7,Low,Mobile,9.28
Store_436,Medium,3278,215,42.19,TownB,PC_4512,7,Medium,Mobile,15.25
Store_437,Medium,3008,212,22.17,TownD,PC_2499,8,High,Mobile,14.19
Store_438,Small,4155,146,40.4,TownB,PC_3158,1,Low,Fixed,28.46
Store_439,Medium,1129,156,36.69,TownD,PC_6162,5,High,Mobile,7.24
Store_440,Medium,4814,217,46.36,TownD,PC_5039,2,Low,Mobile,22.18
Store_441,Large,1837,144,44.65,TownC,PC_3035,2,Medium,Mobile,12.76
Store_442,Medium,4216,260,26.03,TownA,PC_8977,1,Medium,Mobile,16.22
Store_443,Large,3938,244,24.67,TownD,PC_1857,5,High,Mobile,16.14
Store_444,Medium,4928,297,49.36,TownC,PC_4823,2,Medium,Mobile,16.59
Store_445,Small,3040,103,33.45,TownA,PC_7770,4,Medium,Mobile,29.51
Store_446,Large,1027,247,46.72,TownB,PC_1298,3,Medium,Fixed,4.16
Store_447,Small,3113,146,20.74,TownA,PC_8244,3,High,Mobile,21.32
Store_448,Small,4234,242,37.5,TownD,PC_1923,2,High,Mobile,17.5
Store_449,Small,2252,297,43.35,TownD,PC_5232,6,Low,Mobile,7.58
Store_450,Medium,1260,146,48.16,TownD,PC_5306,2,High,Mobile,8.63
Store_451,Medium,3046,177,26.81,TownD,PC_3799,8,Medium,Mobile,17.21
Store_452,Small,2472,223,40.37,TownD,PC_7578,8,Low,Mobile,11.09
Store_453,Large,2447,174,33.86,TownC,PC_5875,5,Medium,Mobile,14.06
Store_454,Small,1459,202,17.12,TownD,PC_6326,7,Low,Mobile,7.22
Store_455,Small,4747,236,39.15,TownC,PC_7582,4,High,Fixed,20.11
Store_456,Small,1300,189,39.15,TownB,PC_2802,1,High,Mobile,6.88
Store_457,Small,3966,243,47.57,TownD,PC_3657,2,Low,Mobile,16.32
Store_458,Medium,4374,168,32.41,TownD,PC_4346,4,Medium,Mobile,26.04
Store_459,Medium,3334,160,23.06,TownA,PC_3949,1,High,Mobile,20.84
Store_460,Medium,4466,237,16.56,TownB,PC_1941,8,High,Mobile,18.84
Store_461,Small,4081,149,29.55,TownD,PC_2907,9,Medium,Fixed,27.39
Store_462,Small,4778,102,25.57,TownD,PC_5837,4,High,Mobile,46.84
Store_463,Small,1629,206,41.64,TownB,PC_9105,3,Medium,Fixed,7.91
Store_464,Large,1269,212,27.4,TownC,PC_2243,2,Medium,Mobile,5.99
Store_465,Small,3639,193,48.22,TownD,PC_6696,5,High,Mobile,18.85
Store_466,Medium,2993,217,48.68,TownA,PC_2466,3,Medium,Mobile,13.79
Store_467,Large,2628,297,36.73,TownD,PC_4957,7,Medium,Fixed,8.85
Store_468,Medium,2801,180,47.5,TownA,PC_2966,6,Medium,Mobile,15.56
Store_469,Large,3891,208,41.63,TownA,PC_1375,1,High,Fixed,18.71
Store_470,Small,1861,150,34.14,TownD,PC_1262,8,High,Fixed,12.41
Store_471,Medium,4432,246,21.31,TownD,PC_5362,2,Medium,Fixed,18.02
Store_472,Medium,2280,269,31.05,TownA,PC_7502,5,Medium,Mobile,8.48
Store_473,Medium,3180,134,34.63,TownB,PC_8833,9,Medium,Mobile,23.73
Store_474,Small,4347,145,45.24,TownB,PC_2893,8,Medium,Mobile,29.98
Store_475,Small,2799,253,31.85,TownD,PC_9106,2,Medium,Mobile,11.06
Store_476,Small,2706,168,46.42,TownC,PC_2652,9,High,Mobile,16.11
Store_477,Medium,4019,192,38.6,TownB,PC_6540,5,Medium,Mobile,20.93
Store_478,Large,3560,163,19.79,TownD,PC_4892,6,Medium,Mobile,21.84
Store_479,Medium,3360,264,49.82,TownB,PC_1599,3,Low,Mobile,12.73
Store_480,Small,1575,148,33.45,TownC,PC_5815,3,Medium,Mobile,10.64
Store_481,Large,3933,248,28.72,TownD,PC_2912,8,High,Mobile,15.86
Store_482,Small,3003,173,38.07,TownC,PC_9792,2,Medium,Mobile,17.36
Store_483,Small,2307,291,18.81,TownD,PC_9572,2,Low,Mobile,7.93
Store_484,Small,4192,104,37.28,TownC,PC_5213,5,Medium,Mobile,40.31
Store_485,Medium,4178,199,32.44,TownB,PC_4637,6,Medium,Mobile,20.99
Store_486,Small,2956,169,29.23,TownB,PC_6599,2,Low,Mobile,17.49
Store_487,Medium,3734,189,48.36,TownC,PC_7448,5,Medium,Mobile,19.76
Store_488,Large,3020,103,33.29,TownC,PC_9557,7,Medium,Mobile,29.32
Store_489,Small,4275,225,22.67,TownC,PC_8382,8,Medium,Mobile,19.0
Store_490,Medium,3212,138,31.06,TownD,PC_9982,7,Medium,Mobile,23.28
Store_491,Small,3352,262,47.18,TownB,PC_4569,8,Medium,Mobile,12.79
Store_492,Small,4568,228,21.16,TownD,PC_8707,9,High,Mobile,20.04
Store_493,Medium,2655,123,22.49,TownB,PC_1746,5,Medium,Mobile,21.59
Store_494,Small,2579,156,15.46,TownA,PC_9504,5,Medium,Mobile,16.53
Store_495,Medium,2847,199,15.5,TownD,PC_5633,4,Medium,Mobile,14.31
Store_496,Medium,3203,169,44.03,TownB,PC_1920,9,Medium,Mobile,18.95
Store_497,Medium,2390,140,40.62,TownB,PC_8008,5,High,Mobile,17.07
Store_498,Medium,2742,281,27.43,TownD,PC_3381,2,Medium,Mobile,9.76
Store_499,Medium,2925,273,39.44,TownD,PC_4618,8,High,Mobile,10.71
Store_500,Medium,1619,159,28.83,TownB,PC_9989,7,Low,Mobile,10.18
Store_501,Medium,2274,207,48.35,TownD,PC_5443,8,Medium,Mobile,10.99
Store_502,Small,1956,287,48.85,TownC,PC_1272,3,High,Fixed,6.82
Store_503,Small,2939,156,28.75,TownD,PC_2773,4,Medium,Mobile,18.84
Store_504,Large,4953,130,44.9,TownD,PC_3547,5,Medium,Mobile,38.1
Store_505,Medium,3381,183,42.06,TownD,PC_4164,6,Medium,Mobile,18.48
Store_506,Small,4713,251,25.85,TownB,PC_5780,1,High,Mobile,18.78
Store_507,Medium,1968,135,23.12,TownC,PC_1946,4,Low,Fixed,14.58
Store_508,Small,3558,257,31.04,TownA,PC_1506,5,High,Mobile,13.84
Store_509,Large,2316,251,42.35,TownA,PC_7719,7,Low,Mobile,9.23
Store_510,Small,2043,207,48.61,TownC,PC_9435,5,High,Fixed,9.87
Store_511,Small,1281,205,41.73,TownC,PC_9697,1,Medium,Mobile,6.25
Store_512,Small,3844,257,44.93,TownC,PC_7360,7,High,Mobile,14.96
Store_513,Medium,4072,185,36.11,TownB,PC_8657,8,Medium,Fixed,22.01
Store_514,Large,3166,234,44.24,TownA,PC_4590,7,High,Mobile,13.53
Store_515,Small,2058,262,42.45,TownC,PC_2192,4,Low,Mobile,7.85
Store_516,Large,1197,282,28.19,TownB,PC_2464,8,Low,Mobile,4.24
Store_517,Small,3532,113,34.32,TownA,PC_1390,5,Medium,Mobile,31.26
Store_518,Large,4828,219,43.17,TownD,PC_6615,9,Low,Mobile,22.05
Store_519,Small,2082,237,16.61,TownB,PC_7106,5,Low,Fixed,8.78
Store_520,Small,3884,179,43.28,TownA,PC_9864,1,High,Mobile,21.7
Store_521,Medium,2184,243,21.23,TownB,PC_3560,9,High,Mobile,8.99
Store_522,Large,2008,281,33.01,TownA,PC_6867,5,Medium,Fixed,7.15
Store_523,Large,3738,205,43.29,TownA,PC_2211,6,High,Mobile,18.23
Store_524,Medium,2229,169,23.88,TownD,PC_2539,4,Medium,Mobile,13.19
Store_525,Large,2035,143,23.6,TownB,PC_1643,6,Medium,Mobile,14.23
Store_526,Small,1489,172,29.1,TownC,PC_9693,8,High,Fixed,8.66
Store_527,Large,1275,144,46.31,TownD,PC_9921,3,Medium,Fixed,8.85
Store_528,Medium,3740,283,15.02,TownD,PC_2283,5,High,Mobile,13.22
Store_529,Medium,3289,206,46.55,TownA,PC_8680,2,Medium,Mobile,15.97
Store_530,Large,2239,183,20.38,TownC,PC_8345,2,Medium,Mobile,12.23
Store_531,Medium,2274,181,49.65,TownB,PC_5386,7,Low,Fixed,12.56
Store_532,Medium,4882,206,48.42,TownC,PC_1919,6,Low,Mobile,23.7
Store_533,Medium,1125,284,32.31,TownC,PC_3339,4,Low,Mobile,3.96
Store_534,Large,1216,120,32.95,TownC,PC_9947,5,High,Fixed,10.13
Store_535,Small,4377,295,31.85,TownC,PC_6930,1,High,Mobile,14.84
Store_536,Large,4868,277,37.24,TownC,PC_6402,7,High,Mobile,17.57
Store_537,Medium,2208,260,18.18,TownA,PC_6663,8,Medium,Mobile,8.49
Store_538,Small,4110,106,16.14,TownA,PC_6275,9,Medium,Mobile,38.77
Store_539,Medium,2246,169,17.02,TownD,PC_1507,8,Low,Mobile,13.29
Store_540,Medium,4255,226,30.55,TownA,PC_2436,5,Medium,Fixed,18.83
Store_541,Medium,3542,242,24.64,TownD,PC_9750,3,Medium,Mobile,14.64
Store_542,Medium,3474,259,36.77,TownD,PC_8354,9,High,Mobile,13.41
Store_543,Small,4249,247,49.74,TownB,PC_5516,6,Medium,Mobile,17.2
Store_544,Medium,1918,242,28.52,TownC,PC_4622,5,Low,Mobile,7.93
Store_545,Large,4499,275,35.08,TownA,PC_5399,3,Low,Mobile,16.36
Store_546,Small,2317,298,29.55,TownB,PC_6037,6,Low,Mobile,7.78
Store_547,Medium,4923,248,44.65,TownA,PC_9111,3,Medium,Fixed,19.85
Store_548,Small,3198,269,46.58,TownD,PC_4715,6,High,Mobile,11.89
Store_549,Medium,3431,253,45.71,TownA,PC_8837,4,Medium,Mobile,13.56
Store_550,Medium,2661,219,49.1,TownC,PC_2301,2,High,Mobile,12.15
Store_551,Medium,4884,227,15.96,TownD,PC_8370,8,Medium,Fixed,21.52
Store_552,Small,1307,241,44.39,TownD,PC_6185,4,Medium,Mobile,5.42
Store_553,Medium,2359,156,41.31,TownB,PC_3155,9,Low,Mobile,15.12
Store_554,Small,2969,264,23.0,TownC,PC_7411,7,High,Mobile,11.25
Store_555,Small,3793,157,48.47,TownD,PC_7365,2,High,Fixed,24.16
Store_556,Small,1891,120,20.19,TownC,PC_1692,4,Low,Mobile,15.76
Store_557,Small,1374,181,38.78,TownA,PC_2478,5,Medium,Mobile,7.59
Store_558,Medium,4079,168,22.87,TownC,PC_7396,3,Medium,Mobile,24.28
Store_559,Medium,3033,230,30.1,TownD,PC_9448,9,Medium,Mobile,13.19
Store_560,Medium,2364,186,40.17,TownB,PC_1441,5,High,Mobile,12.71
Store_561,Small,1128,264,34.72,TownD,PC_3646,2,Medium,Mobile,4.27
Store_562,Large,2014,148,29.96,TownC,PC_6209,3,Medium,Mobile,13.61
Store_563,Medium,2799,246,26.42,TownC,PC_7533,9,Low,Fixed,11.38
Store_564,Medium,3716,214,44.39,TownD,PC_5677,7,Low,Fixed,17.36
Store_565,Large,4423,188,20.03,TownC,PC_8211,2,Low,Mobile,23.53
Store_566,Large,2381,184,30.05,TownA,PC_3645,9,Low,Fixed,12.94
Store_567,Small,1516,227,46.63,TownD,PC_9210,4,High,Mobile,6.68
Store_568,Small,2518,239,44.6,TownB,PC_8933,9,High,Mobile,10.54
Store_569,Large,1085,288,29.03,TownD,PC_6476,2,Low,Mobile,3.77
Store_570,Medium,2198,268,41.71,TownA,PC_8928,4,High,Mobile,8.2
Store_571,Small,4873,260,43.81,TownA,PC_3080,5,Low,Mobile,18.74
Store_572,Medium,4264,277,46.11,TownA,PC_7089,2,Medium,Mobile,15.39
Store_573,Large,3358,216,34.06,TownA,PC_8396,1,Medium,Mobile,15.55
Store_574,Medium,2142,295,22.16,TownA,PC_8797,7,Medium,Mobile,7.26
Store_575,Medium,4289,226,23.94,TownB,PC_1861,1,Medium,Mobile,18.98
Store_576,Large,3474,170,25.35,TownC,PC_9346,8,Medium,Mobile,20.44
Store_577,Small,2993,185,35.78,TownA,PC_4494,3,Medium,Fixed,16.18
Store_578,Small,4485,132,16.15,TownA,PC_1904,6,High,Mobile,33.98
Store_579,Medium,3161,180,37.26,TownD,PC_2269,7,Low,Mobile,17.56
Store_580,Large,4216,251,27.75,TownB,PC_1404,1,Low,Mobile,16.8
Store_581,Small,4609,160,25.33,TownB,PC_2184,6,Low,Mobile,28.81
Store_582,Medium,4719,160,45.78,TownC,PC_9938,7,Medium,Fixed,29.49
Store_583,Medium,1302,197,31.1,TownB,PC_2725,6,Low,Mobile,6.61
Store_584,Medium,3791,127,18.33,TownD,PC_9462,4,High,Mobile,29.85
Store_585,Medium,4952,285,43.94,TownD,PC_6811,1,Medium,Mobile,17.38
Store_586,Large,1587,142,16.67,TownC,PC_6606,9,Medium,Mobile,11.18
Store_587,Medium,1986,268,40.44,TownD,PC_4956,4,Medium,Fixed,7.41
Store_588,Medium,2863,266,42.09,TownA,PC_1171,7,Low,Mobile,10.76
Store_589,Medium,1344,185,27.34,TownA,PC_9465,7,Low,Mobile,7.26
Store_590,Medium,1813,276,43.87,TownD,PC_3306,2,Medium,Mobile,6.57
Store_591,Small,2987,116,33.05,TownC,PC_1421,1,Medium,Mobile,25.75
Store_592,Small,3848,197,31.22,TownB,PC_6540,8,Medium,Mobile,19.53
Store_593,Medium,4072,297,16.59,TownC,PC_5675,8,Low,Mobile,13.71
Store_594,Small,4218,297,25.15,TownB,PC_7748,7,High,Mobile,14.2
Store_595,Small,2310,197,47.59,TownD,PC_7103,8,Low,Mobile,11.73
Store_596,Medium,2999,164,28.71,TownD,PC_2473,3,High,Fixed,18.29
Store_597,Medium,2677,173,34.13,TownA,PC_4243,2,High,Mobile,15.47
Store_598,Small,4124,184,33.62,TownB,PC_3181,7,Medium,Mobile,22.41
Store_599,Medium,2327,104,35.67,TownC,PC_4096,8,Low,Mobile,22.38
Store_600,Medium,2092,101,17.15,TownD,PC_7646,1,Low,Mobile,20.71
Store_601,Small,3408,121,27.68,TownC,PC_6882,9,Medium,Mobile,28.17
Store_602,Large,4673,211,40.31,TownA,PC_6982,4,Medium,Mobile,22.15
Store_603,Medium,4291,156,22.02,TownB,PC_6798,4,High,Mobile,27.51
Store_604,Medium,2009,165,22.13,TownB,PC_9415,3,High,Mobile,12.18
Store_605,Medium,1703,173,15.35,TownD,PC_9411,6,Medium,Fixed,9.84
Store_606,Large,1574,197,30.31,TownB,PC_9456,1,Low,Mobile,7.99
Store_607,Medium,2608,243,45.9,TownD,PC_5524,6,Medium,Mobile,10.73
Store_608,Medium,4232,211,16.82,TownA,PC_7559,2,High,Mobile,20.06
Store_609,Medium,4752,278,21.69,TownB,PC_8620,9,Medium,Fixed,17.09
Store_610,Small,2112,224,25.85,TownD,PC_3774,2,Low,Fixed,9.43
Store_611,Small,1687,266,40.61,TownC,PC_6673,7,High,Mobile,6.34
Store_612,Medium,3828,185,37.42,TownD,PC_4124,1,Medium,Mobile,20.69
Store_613,Medium,3632,175,29.56,TownB,PC_9671,7,High,Mobile,20.75
Store_614,Medium,4828,187,41.57,TownA,PC_2353,5,Medium,Mobile,25.82
Store_615,Small,3636,267,36.34,TownB,PC_4854,8,Low,Fixed,13.62
Store_616,Medium,4230,137,46.36,TownB,PC_9134,4,High,Mobile,30.88
Store_617,Small,1488,287,43.63,TownD,PC_1924,7,Medium,Mobile,5.18
Store_618,Medium,4018,158,23.85,TownC,PC_3170,6,Medium,Mobile,25.43
Store_619,Medium,2347,237,24.5,TownB,PC_6506,5,Medium,Mobile,9.9
Store_620,Medium,4681,198,19.39,TownC,PC_3395,4,Low,Mobile,23.64
Store_621,Medium,4452,291,26.79,TownD,PC_9220,7,Medium,Mobile,15.3
Store_622,Medium,4173,162,49.98,TownC,PC_9226,5,Low,Mobile,25.76
Store_623,Medium,1493,148,29.2,TownD,PC_6515,5,Medium,Mobile,10.09
Store_624,Medium,2667,291,22.72,TownA,PC_3670,1,Medium,Mobile,9.16
Store_625,Small,2637,131,41.69,TownC,PC_4365,2,High,Mobile,20.13
Store_626,Medium,1018,234,33.99,TownC,PC_1588,5,High,Mobile,4.35
Store_627,Medium,4525,120,20.24,TownA,PC_4138,3,Low,Mobile,37.71
Store_628,Medium,4553,119,28.32,TownC,PC_7663,2,Medium,Mobile,38.26
Store_629,Medium,4665,253,29.51,TownA,PC_5086,4,Medium,Fixed,18.44
Store_630,Large,3444,226,41.38,TownB,PC_9531,4,Low,Fixed,15.24
Store_631,Large,2000,167,15.72,TownD,PC_5270,4,High,Fixed,11.98
Store_632,Small,4350,209,24.42,TownA,PC_7019,4,High,Mobile,20.81
Store_633,Small,1850,215,33.12,TownC,PC_1556,3,Low,Mobile,8.6
Store_634,Medium,2388,242,24.41,TownA,PC_9022,7,Medium,Mobile,9.87
Store_635,Small,2354,219,37.0,TownC,PC_6452,9,Low,Fixed,10.75
Store_636,Medium,4712,178,31.87,TownB,PC_4567,5,Medium,Fixed,26.47
Store_637,Large,2367,215,27.66,TownA,PC_4899,4,Low,Fixed,11.01
Store_638,Small,1821,191,48.22,TownB,PC_7477,2,High,Mobile,9.53
Store_639,Small,1454,113,37.13,TownD,PC_8500,2,High,Fixed,12.87
Store_640,Small,2624,254,19.55,TownC,PC_2016,5,Medium,Mobile,10.33
Store_641,Medium,3772,224,34.6,TownC,PC_7470,7,Medium,Mobile,16.84
Store_642,Medium,4726,267,42.33,TownB,PC_3062,9,High,Mobile,17.7
Store_643,Small,4136,157,39.8,TownD,PC_5321,7,Medium,Mobile,26.34
Store_644,Large,4147,127,21.02,TownA,PC_4496,5,Low,Mobile,32.65
Store_645,Medium,1710,125,49.03,TownA,PC_2813,6,Medium,Mobile,13.68
Store_646,Small,3190,212,30.71,TownC,PC_7256,3,High,Mobile,15.05
Store_647,Medium,1916,290,20.57,TownB,PC_3313,5,Medium,Mobile,6.61
Store_648,Medium,4986,165,21.31,TownB,PC_2231,8,Medium,Fixed,30.22
Store_649,Small,3875,252,18.44,TownA,PC_6831,1,High,Mobile,15.38
Store_650,Small,3652,230,43.12,TownD,PC_3999,1,High,Mobile,15.88
Store_651,Small,2496,299,19.27,TownD,PC_4440,7,High,Fixed,8.35
Store_652,Small,2440,143,19.38,TownA,PC_5056,5,Low,Fixed,17.06
Store_653,Large,1304,196,44.77,TownA,PC_1305,5,Medium,Mobile,6.65
Store_654,Large,1735,141,27.06,TownB,PC_2689,1,High,Mobile,12.3
Store_655,Small,4568,105,16.08,TownD,PC_4917,9,High,Mobile,43.5
Store_656,Small,3338,266,16.82,TownA,PC_8080,1,Medium,Mobile,12.55
Store_657,Small,2963,279,19.98,TownA,PC_9611,5,Low,Mobile,10.62
Store_658,Small,3149,122,22.47,TownC,PC_3936,9,High,Fixed,25.81
Store_659,Large,3009,188,38.28,TownA,PC_4862,4,High,Mobile,16.01
Store_660,Small,4338,222,20.51,TownA,PC_6649,8,Low,Fixed,19.54
Store_661,Small,3914,277,19.16,TownD,PC_4261,6,Medium,Fixed,14.13
Store_662,Small,4015,270,41.77,TownB,PC_2819,3,Low,Fixed,14.87
Store_663,Medium,4693,246,38.49,TownD,PC_2342,4,Medium,Mobile,19.08
Store_664,Small,4021,296,30.24,TownB,PC_6560,2,Low,Fixed,13.58
Store_665,Medium,3889,150,34.23,TownC,PC_3226,1,Medium,Mobile,25.93
Store_666,Small,1961,110,25.92,TownA,PC_2079,8,Medium,Mobile,17.83
Store_667,Medium,3989,111,31.89,TownC,PC_5206,1,Medium,Mobile,35.94
Store_668,Medium,4848,173,32.73,TownB,PC_7280,1,Medium,Mobile,28.02
Store_669,Small,2026,107,28.55,TownD,PC_8235,4,High,Mobile,18.93
Store_670,Medium,3132,251,46.73,TownD,PC_1813,6,Medium,Mobile,12.48
Store_671,Large,4865,140,15.56,TownC,PC_6089,9,Low,Mobile,34.75
Store_672,Large,3375,263,42.38,TownB,PC_3031,1,High,Mobile,12.83
Store_673,Medium,3863,184,19.35,TownC,PC_9514,7,Low,Mobile,20.99
Store_674,Medium,2473,171,42.91,TownC,PC_6911,5,High,Mobile,14.46
Store_675,Large,3501,154,36.56,TownA,PC_3653,8,High,Fixed,22.73
Store_676,Medium,2947,236,44.51,TownC,PC_4340,7,Medium,Mobile,12.49
Store_677,Small,3676,146,18.41,TownA,PC_8876,4,High,Mobile,25.18
Store_678,Large,4292,242,34.56,TownA,PC_2141,4,Low,Mobile,17.74
Store_679,Small,2177,275,32.54,TownD,PC_9558,6,Medium,Mobile,7.92
Store_680,Medium,1664,203,39.72,TownA,PC_3897,6,Medium,Mobile,8.2
Store_681,Small,1011,141,33.7,TownA,PC_5041,9,Medium,Mobile,7.17
Store_682,Small,2156,159,33.93,TownD,PC_3038,5,High,Fixed,13.56
Store_683,Small,1303,297,30.04,TownC,PC_5270,8,Low,Mobile,4.39
Store_684,Medium,4364,111,25.81,TownB,PC_5683,5,Medium,Mobile,39.32
Store_685,Small,4022,229,31.88,TownB,PC_1494,2,Medium,Mobile,17.56
Store_686,Small,4371,106,19.15,TownB,PC_8116,6,Medium,Fixed,41.24
Store_687,Small,2763,179,48.65,TownC,PC_2784,9,Medium,Mobile,15.44
Store_688,Medium,3830,230,40.0,TownA,PC_4510,3,Medium,Mobile,16.65
Store_689,Large,1042,208,48.34,TownB,PC_4786,1,High,Mobile,5.01
Store_690,Medium,1943,102,22.94,TownC,PC_6266,1,Low,Mobile,19.05
Store_691,Medium,3390,126,45.78,TownA,PC_6428,3,High,Mobile,26.9
Store_692,Large,2349,213,43.31,TownD,PC_7681,5,Medium,Mobile,11.03
Store_693,Medium,4885,206,38.7,TownB,PC_7893,3,High,Mobile,23.71
Store_694,Small,3545,139,36.88,TownA,PC_5658,9,High,Mobile,25.5
Store_695,Small,3411,260,26.08,TownB,PC_8082,8,Medium,Mobile,13.12
Store_696,Small,1890,228,43.57,TownB,PC_7869,3,Medium,Mobile,8.29
Store_697,Small,3474,107,32.55,TownB,PC_8607,9,High,Mobile,32.47
Store_698,Medium,2004,200,17.48,TownA,PC_8669,6,Medium,Mobile,10.02
Store_699,Medium,1020,259,25.95,TownC,PC_7219,7,High,Fixed,3.94
Store_700,Small,1406,223,47.74,TownA,PC_5534,4,Medium,Fixed,6.3
Store_701,Medium,3666,275,44.77,TownB,PC_6979,4,Low,Mobile,13.33
Store_702,Medium,2014,206,49.37,TownA,PC_9890,2,Medium,Mobile,9.78
Store_703,Small,1335,200,36.98,TownD,PC_2312,5,High,Mobile,6.68
Store_704,Large,2838,103,23.66,TownC,PC_3962,8,Medium,Mobile,27.55
Store_705,Medium,4188,297,20.7,TownA,PC_3938,7,High,Mobile,14.1
Store_706,Small,2147,209,21.54,TownD,PC_4197,7,High,Fixed,10.27
Store_707,Medium,3446,118,15.69,TownC,PC_6296,6,Medium,Mobile,29.2
Store_708,Medium,3840,131,28.67,TownD,PC_8204,3,Low,Mobile,29.31
Store_709,Medium,2827,236,21.7,TownC,PC_6730,5,High,Mobile,11.98
Store_710,Medium,1714,111,29.41,TownA,PC_1126,1,Medium,Mobile,15.44
Store_711,Medium,1050,238,47.72,TownD,PC_6602,7,High,Mobile,4.41
Store_712,Medium,4854,145,30.07,TownB,PC_2191,9,Medium,Mobile,33.48
Store_713,Small,1323,218,45.73,TownD,PC_3639,1,Medium,Mobile,6.07
Store_714,Small,1788,115,36.19,TownC,PC_2366,2,High,Fixed,15.55
Store_715,Small,1140,228,23.65,TownA,PC_7453,3,Medium,Mobile,5.0
Store_716,Medium,1469,162,27.45,TownC,PC_7671,3,Medium,Fixed,9.07
Store_717,Small,1786,208,17.94,TownD,PC_7683,8,Medium,Fixed,8.59
Store_718,Large,2825,218,26.67,TownD,PC_5539,7,Medium,Mobile,12.96
Store_719,Medium,2357,120,38.71,TownB,PC_9876,6,Medium,Mobile,19.64
Store_720,Large,2916,257,17.52,TownA,PC_3887,4,High,Mobile,11.35
Store_721,Large,1963,112,22.19,TownA,PC_5086,9,Medium,Fixed,17.53
Store_722,Large,4055,261,28.35,TownD,PC_3261,1,Medium,Mobile,15.54
Store_723,Large,1372,103,49.37,TownA,PC_5180,2,Medium,Mobile,13.32
Store_724,Medium,4635,255,42.47,TownB,PC_3841,4,Medium,Mobile,18.18
Store_725,Medium,3541,201,40.67,TownC,PC_7040,3,Medium,Mobile,17.62
Store_726,Small,4610,158,19.07,TownA,PC_4560,1,High,Fixed,29.18
Store_727,Small,2692,227,42.33,TownD,PC_5758,5,High,Mobile,11.86
Store_728,Medium,3798,126,42.48,TownC,PC_1626,7,Medium,Mobile,30.14
Store_729,Medium,2179,168,36.04,TownC,PC_6014,2,Medium,Mobile,12.97
Store_730,Small,3338,124,49.66,TownB,PC_2375,5,Low,Fixed,26.92
Store_731,Medium,2671,230,26.38,TownD,PC_2181,6,Medium,Mobile,11.61
Store_732,Large,4215,196,47.94,TownA,PC_6708,7,Medium,Mobile,21.51
Store_733,Medium,1105,295,47.02,TownD,PC_1490,1,Medium,Mobile,3.75
Store_734,Medium,2443,124,15.4,TownC,PC_4729,7,Medium,Mobile,19.7
Store_735,Large,3717,247,30.75,TownD,PC_6974,4,Low,Mobile,15.05
Store_736,Large,2681,261,49.2,TownA,PC_4534,8,Low,Mobile,10.27
Store_737,Medium,1001,253,18.61,TownA,PC_4296,4,High,Mobile,3.96
Store_738,Large,3636,225,34.17,TownB,PC_2940,6,Medium,Mobile,16.16
Store_739,Large,3691,232,49.26,TownA,PC_6014,9,Medium,Mobile,15.91
Store_740,Large,3137,288,34.44,TownA,PC_2882,5,Low,Mobile,10.89
Store_741,Small,4416,108,21.64,TownD,PC_5908,4,Low,Mobile,40.89
Store_742,Medium,1349,215,35.38,TownD,PC_3987,8,High,Fixed,6.27
Store_743,Small,4530,277,22.16,TownC,PC_6585,9,Medium,Fixed,16.35
Store_744,Small,2286,233,33.19,TownB,PC_4159,4,Medium,Mobile,9.81
Store_745,Medium,4422,159,17.59,TownD,PC_5530,3,Medium,Mobile,27.81
Store_746,Medium,4179,271,36.19,TownA,PC_1681,8,High,Mobile,15.42
Store_747,Large,4657,220,33.09,TownC,PC_6254,5,Low,Mobile,21.17
Store_748,Small,2062,238,40.91,TownD,PC_2073,2,Low,Mobile,8.66
Store_749,Large,3956,293,37.07,TownB,PC_3387,9,Medium,Mobile,13.5
Store_750,Medium,3206,274,34.24,TownB,PC_3693,3,Medium,Mobile,11.7
Store_751,Medium,4654,207,39.14,TownC,PC_5340,2,Medium,Fixed,22.48
Store_752,Large,4006,207,20.04,TownC,PC_3156,1,Medium,Mobile,19.35
Store_753,Medium,3359,230,35.84,TownC,PC_8966,8,Medium,Mobile,14.6
Store_754,Small,4312,175,21.02,TownC,PC_3580,3,High,Mobile,24.64
Store_755,Large,1444,129,47.39,TownC,PC_8257,7,Medium,Mobile,11.19
Store_756,Small,3345,120,17.39,TownA,PC_3159,1,Low,Mobile,27.88
Store_757,Small,1951,255,30.06,TownA,PC_7772,1,Medium,Mobile,7.65
Store_758,Large,1035,289,39.35,TownD,PC_2627,9,High,Mobile,3.58
Store_759,Small,2107,260,31.03,TownB,PC_9219,8,Medium,Mobile,8.1
Store_760,Medium,2475,262,18.22,TownA,PC_8080,3,High,Fixed,9.45
Store_761,Small,4957,279,34.37,TownA,PC_2985,6,Low,Mobile,17.77
Store_762,Large,2798,133,37.46,TownA,PC_9488,3,Medium,Mobile,21.04
Store_763,Small,2845,140,39.63,TownD,PC_3181,4,Low,Mobile,20.32
Store_764,Large,2408,150,28.06,TownC,PC_3296,1,Medium,Mobile,16.05
Store_765,Medium,2195,274,34.73,TownD,PC_8164,5,High,Mobile,8.01
Store_766,Small,2399,181,30.77,TownB,PC_3597,1,High,Mobile,13.25
Store_767,Medium,2708,157,38.52,TownB,PC_1901,1,Medium,Fixed,17.25
Store_768,Large,2385,174,35.42,TownB,PC_7060,7,Medium,Fixed,13.71
Store_769,Medium,3606,284,33.4,TownB,PC_2677,6,High,Mobile,12.7
Store_770,Small,3938,122,23.73,TownA,PC_3881,2,Medium,Fixed,32.28
Store_771,Medium,3188,275,15.07,TownA,PC_6622,2,Low,Mobile,11.59
Store_772,Medium,3934,227,21.09,TownD,PC_9052,7,Medium,Mobile,17.33
Store_773,Medium,4989,249,19.1,TownC,PC_2378,1,Medium,Mobile,20.04
Store_774,Medium,4189,116,30.72,TownB,PC_2248,2,Medium,Fixed,36.11
Store_775,Medium,2300,168,36.43,TownD,PC_6650,8,Medium,Mobile,13.69
Store_776,Small,3773,207,22.46,TownA,PC_7079,6,Medium,Mobile,18.23
Store_777,Medium,2243,238,47.87,TownA,PC_8036,2,Medium,Mobile,9.42
Store_778,Medium,4976,193,15.23,TownC,PC_7487,7,Low,Mobile,25.78
Store_779,Small,4097,114,42.03,TownC,PC_2058,4,Medium,Mobile,35.94
Store_780,Large,1520,190,36.88,TownC,PC_3048,2,High,Fixed,8.0
Store_781,Medium,2806,262,28.07,TownD,PC_7115,6,Medium,Mobile,10.71
Store_782,Medium,1009,132,16.77,TownA,PC_5248,9,Medium,Mobile,7.64
Store_783,Large,1983,224,36.96,TownA,PC_3476,9,High,Mobile,8.85
Store_784,Medium,3425,115,28.5,TownC,PC_5603,8,High,Mobile,29.78
Store_785,Large,2656,261,47.77,TownB,PC_4553,3,Medium,Mobile,10.18
Store_786,Medium,2660,165,33.97,TownC,PC_1220,3,Low,Mobile,16.12
Store_787,Small,3729,267,47.89,TownD,PC_5818,2,High,Mobile,13.97
Store_788,Medium,3631,255,22.72,TownC,PC_8192,5,High,Mobile,14.24
Store_789,Medium,3199,146,40.4,TownC,PC_5623,4,High,Mobile,21.91
Store_790,Medium,1719,266,36.6,TownD,PC_8349,7,High,Mobile,6.46
Store_791,Small,2072,297,40.88,TownC,PC_6618,4,Medium,Mobile,6.98
Store_792,Small,4225,247,22.51,TownA,PC_8209,9,Medium,Mobile,17.11
Store_793,Small,1858,223,38.27,TownB,PC_5576,2,Low,Fixed,8.33
Store_794,Small,2316,100,32.43,TownC,PC_2871,6,Medium,Mobile,23.16
Store_795,Medium,2603,299,41.0,TownD,PC_8915,7,Medium,Mobile,8.71
Store_796,Small,1049,186,26.45,TownB,PC_2462,4,Medium,Mobile,5.64
Store_797,Medium,3711,227,46.15,TownD,PC_6521,6,Medium,Mobile,16.35
Store_798,Medium,3578,290,17.95,TownB,PC_9536,7,High,Fixed,12.34
Store_799,Medium,4683,166,43.25,TownB,PC_9236,4,Medium,Mobile,28.21
Store_800,Large,4131,103,45.15,TownC,PC_8813,8,Medium,Mobile,40.11
Store_801,Medium,4238,285,43.6,TownA,PC_3068,9,Low,Mobile,14.87
Store_802,Medium,4273,252,32.95,TownC,PC_6753,1,Medium,Mobile,16.96
Store_803,Medium,3904,146,30.34,TownD,PC_8237,7,High,Fixed,26.74
Store_804,Small,1145,137,49.87,TownD,PC_8016,9,Medium,Mobile,8.36
Store_805,Large,1914,242,23.02,TownB,PC_7191,5,High,Mobile,7.91
Store_806,Small,4747,290,34.14,TownB,PC_2514,2,Medium,Mobile,16.37
Store_807,Small,4040,120,38.47,TownA,PC_3598,6,Medium,Mobile,33.67
Store_808,Medium,2462,156,39.53,TownC,PC_2001,7,Medium,Fixed,15.78
Store_809,Small,3289,216,22.14,TownD,PC_2033,2,Medium,Mobile,15.23
Store_810,Large,1580,280,37.89,TownB,PC_7899,2,High,Mobile,5.64
Store_811,Medium,3734,145,43.64,TownA,PC_9465,1,Medium,Mobile,25.75
Store_812,Large,2584,241,16.75,TownD,PC_6051,4,High,Mobile,10.72
Store_813,Medium,1482,244,46.9,TownB,PC_5476,7,Medium,Mobile,6.07
Store_814,Medium,4179,138,16.03,TownD,PC_1478,9,High,Mobile,30.28
Store_815,Large,2249,236,27.46,TownA,PC_1515,3,Low,Mobile,9.53
Store_816,Small,1672,198,15.55,TownA,PC_2191,7,High,Mobile,8.44
Store_817,Large,1630,176,17.7,TownD,PC_7297,7,Medium,Mobile,9.26
Store_818,Small,3708,214,46.89,TownC,PC_1271,7,Medium,Fixed,17.33
Store_819,Medium,1661,233,27.42,TownD,PC_9334,2,Medium,Mobile,7.13
Store_820,Small,4503,250,29.87,TownB,PC_8778,6,High,Mobile,18.01
Store_821,Medium,3852,286,22.54,TownC,PC_7008,2,Low,Mobile,13.47
Store_822,Small,4726,190,35.9,TownB,PC_8987,6,Medium,Mobile,24.87
Store_823,Large,3466,197,35.82,TownD,PC_4332,3,High,Mobile,17.59
Store_824,Large,1987,219,28.03,TownC,PC_1787,2,Medium,Fixed,9.07
Store_825,Large,4526,145,26.66,TownB,PC_7222,6,Low,Mobile,31.21
Store_826,Small,4231,137,45.97,TownD,PC_1622,2,Medium,Mobile,30.88
Store_827,Medium,2546,241,28.41,TownD,PC_4841,5,Medium,Mobile,10.56
Store_828,Medium,1649,199,32.27,TownC,PC_4676,2,High,Mobile,8.29
Store_829,Small,1968,171,24.92,TownD,PC_3572,3,High,Mobile,11.51
Store_830,Small,3637,289,42.54,TownA,PC_7915,3,Medium,Mobile,12.58
Store_831,Medium,2100,134,28.91,TownB,PC_6033,6,High,Mobile,15.67
Store_832,Medium,3556,246,32.98,TownB,PC_8788,6,Medium,Mobile,14.46
Store_833,Medium,1440,129,23.87,TownD,PC_6214,3,Low,Mobile,11.16
Store_834,Medium,4325,177,49.57,TownD,PC_5712,3,Medium,Mobile,24.44
Store_835,Small,1920,183,25.2,TownA,PC_1066,1,Medium,Mobile,10.49
Store_836,Small,1769,212,41.98,TownC,PC_8533,7,Low,Mobile,8.34
Store_837,Small,2343,124,29.96,TownD,PC_5616,8,High,Mobile,18.9
Store_838,Large,2826,267,22.22,TownD,PC_2140,2,High,Mobile,10.58
Store_839,Small,1262,187,42.99,TownD,PC_6730,4,Medium,Mobile,6.75
Store_840,Small,4668,113,26.68,TownD,PC_8465,7,Medium,Mobile,41.31
Store_841,Small,4729,253,45.28,TownB,PC_5471,8,High,Mobile,18.69
Store_842,Large,4906,201,47.03,TownD,PC_4339,1,High,Mobile,24.41
Store_843,Large,2577,249,45.09,TownB,PC_1548,4,High,Mobile,10.35
Store_844,Medium,4445,275,16.23,TownD,PC_8675,6,Medium,Mobile,16.16
Store_845,Medium,3684,182,42.56,TownC,PC_9264,3,High,Mobile,20.24
Store_846,Medium,4238,209,29.4,TownA,PC_1198,5,Medium,Fixed,20.28
Store_847,Small,4824,278,45.58,TownC,PC_1571,9,Medium,Mobile,17.35
Store_848,Large,3506,230,37.33,TownD,PC_1790,3,Low,Mobile,15.24
Store_849,Medium,1998,269,44.18,TownD,PC_2174,5,Low,Mobile,7.43
Store_850,Medium,4351,118,32.48,TownD,PC_1178,8,Medium,Mobile,36.87
Store_851,Medium,1699,127,33.73,TownC,PC_3244,6,Medium,Mobile,13.38
Store_852,Medium,3349,272,20.05,TownD,PC_5086,4,Low,Mobile,12.31
Store_853,Medium,4602,170,42.44,TownC,PC_1734,8,High,Mobile,27.07
Store_854,Large,2603,162,29.68,TownB,PC_7232,3,Low,Mobile,16.07
Store_855,Large,2241,172,32.5,TownA,PC_1798,3,Medium,Mobile,13.03
Store_856,Medium,2125,223,42.48,TownA,PC_8601,4,Medium,Mobile,9.53
Store_857,Medium,3601,218,35.96,TownC,PC_9979,9,High,Mobile,16.52
Store_858,Small,3335,220,22.04,TownB,PC_3795,5,Medium,Mobile,15.16
Store_859,Medium,2190,118,35.66,TownC,PC_5588,8,Low,Mobile,18.56
Store_860,Small,3668,274,29.27,TownB,PC_8297,6,Medium,Mobile,13.39
Store_861,Medium,2005,241,31.43,TownD,PC_4084,3,High,Mobile,8.32
Store_862,Large,1035,219,15.99,TownB,PC_1731,8,High,Mobile,4.73
Store_863,Medium,1743,265,22.35,TownB,PC_2129,9,Medium,Mobile,6.58
Store_864,Medium,2764,280,24.84,TownB,PC_2605,8,Medium,Mobile,9.87
Store_865,Small,1352,160,39.95,TownA,PC_3933,4,High,Fixed,8.45
Store_866,Small,4747,263,15.4,TownB,PC_9516,6,Low,Fixed,18.05
Store_867,Medium,2922,267,29.31,TownD,PC_6074,1,Medium,Mobile,10.94
Store_868,Small,1072,129,47.34,TownD,PC_8099,4,Medium,Mobile,8.31
Store_869,Small,3695,108,18.92,TownD,PC_2490,8,Low,Mobile,34.21
Store_870,Medium,2376,163,33.07,TownB,PC_1893,1,Medium,Mobile,14.58
Store_871,Medium,2914,260,42.53,TownC,PC_2390,3,Medium,Mobile,11.21
Store_872,Medium,2093,219,47.99,TownC,PC_4389,1,Medium,Mobile,9.56
Store_873,Small,3472,151,41.14,TownD,PC_5239,9,High,Fixed,22.99
Store_874,Medium,4046,188,40.22,TownA,PC_5479,2,Medium,Mobile,21.52
Store_875,Medium,1707,241,43.93,TownC,PC_3263,9,High,Mobile,7.08
Store_876,Medium,2804,152,30.62,TownB,PC_4432,4,Low,Mobile,18.45
Store_877,Medium,3608,286,43.2,TownC,PC_3371,2,Medium,Fixed,12.62
Store_878,Small,3875,177,15.28,TownD,PC_5312,4,Low,Mobile,21.89
Store_879,Medium,4713,140,47.36,TownA,PC_2515,6,High,Mobile,33.66
Store_880,Medium,1955,295,30.52,TownC,PC_7326,7,High,Mobile,6.63
Store_881,Large,3564,167,34.37,TownC,PC_8088,3,Medium,Fixed,21.34
Store_882,Medium,3475,107,23.92,TownD,PC_6586,3,High,Mobile,32.48
Store_883,Medium,4610,101,40.99,TownA,PC_3917,8,Medium,Fixed,45.64
Store_884,Medium,1159,204,17.68,TownA,PC_6731,5,High,Mobile,5.68
Store_885,Medium,3196,224,45.54,TownD,PC_8686,4,High,Mobile,14.27
Store_886,Large,3823,209,43.98,TownB,PC_2167,7,High,Mobile,18.29
Store_887,Medium,4301,185,22.56,TownC,PC_9302,7,Medium,Mobile,23.25
Store_888,Medium,2735,268,43.33,TownB,PC_6109,9,Low,Mobile,10.21
Store_889,Medium,2585,219,42.52,TownC,PC_5327,9,Medium,Fixed,11.8
Store_890,Medium,1066,226,37.13,TownC,PC_6810,5,Low,Mobile,4.72
Store_891,Medium,4061,282,28.07,TownB,PC_4655,8,Medium,Mobile,14.4
Store_892,Large,4883,115,24.5,TownD,PC_4793,1,Medium,Mobile,42.46
Store_893,Medium,3428,161,23.11,TownD,PC_7738,9,Medium,Mobile,21.29
Store_894,Medium,1057,212,26.15,TownC,PC_2577,8,Low,Mobile,4.99
Store_895,Large,4330,275,46.62,TownD,PC_3220,6,Low,Mobile,15.75
Store_896,Small,1341,257,17.72,TownC,PC_2030,3,Medium,Mobile,5.22
Store_897,Small,4909,111,44.01,TownD,PC_7691,3,High,Mobile,44.23
Store_898,Small,2153,134,27.21,TownC,PC_4992,8,Medium,Fixed,16.07
Store_899,Large,3774,110,33.26,TownD,PC_1913,5,Medium,Mobile,34.31
Store_900,Small,2195,163,42.81,TownA,PC_7358,7,High,Fixed,13.47
Store_901,Small,3817,149,45.95,TownB,PC_3181,5,Medium,Mobile,25.62
Store_902,Small,3661,248,27.07,TownA,PC_4197,8,Medium,Mobile,14.76
Store_903,Small,2232,168,31.16,TownB,PC_7040,4,Medium,Mobile,13.29
Store_904,Small,4874,147,29.51,TownB,PC_2462,2,Medium,Mobile,33.16
Store_905,Medium,3401,119,15.46,TownC,PC_8037,3,High,Fixed,28.58
Store_906,Medium,2494,200,25.36,TownB,PC_5994,8,Low,Mobile,12.47
Store_907,Small,2821,294,31.07,TownA,PC_6308,7,Medium,Mobile,9.6
Store_908,Small,1115,271,29.39,TownA,PC_7221,2,Low,Fixed,4.11
Store_909,Small,4335,260,40.27,TownD,PC_8090,6,Medium,Mobile,16.67
Store_910,Small,1661,288,28.47,TownA,PC_8769,9,High,Mobile,5.77
Store_911,Medium,4883,236,32.13,TownD,PC_1687,4,Medium,Mobile,20.69
Store_912,Medium,2465,167,30.04,TownB,PC_5661,9,Low,Fixed,14.76
Store_913,Small,4619,134,40.92,TownA,PC_2894,2,Medium,Mobile,34.47
Store_914,Medium,3500,164,45.2,TownB,PC_8389,2,Low,Mobile,21.34
Store_915,Small,2868,107,33.62,TownA,PC_5922,9,Low,Mobile,26.8
Store_916,Large,4548,144,42.63,TownA,PC_7322,7,High,Fixed,31.58
Store_917,Medium,3334,186,25.39,TownD,PC_4183,7,High,Mobile,17.92
Store_918,Medium,4374,274,33.95,TownB,PC_4797,1,High,Mobile,15.96
Store_919,Small,2016,267,27.08,TownA,PC_6178,6,High,Mobile,7.55
Store_920,Large,1310,175,29.5,TownC,PC_4968,7,Medium,Fixed,7.49
Store_921,Small,1207,281,40.63,TownB,PC_3716,6,Low,Fixed,4.3
Store_922,Small,3665,175,45.86,TownB,PC_1190,6,High,Fixed,20.94
Store_923,Small,3493,273,19.25,TownB,PC_2335,2,High,Mobile,12.79
Store_924,Small,3717,146,37.21,TownD,PC_9181,6,High,Mobile,25.46
Store_925,Large,1632,114,35.38,TownC,PC_1378,4,Medium,Mobile,14.32
Store_926,Medium,3102,204,19.14,TownB,PC_4829,9,Medium,Fixed,15.21
Store_927,Small,3959,246,22.42,TownA,PC_7380,1,High,Mobile,16.09
Store_928,Medium,4083,125,25.89,TownA,PC_1615,8,High,Mobile,32.66
Store_929,Large,1656,151,20.84,TownD,PC_3330,5,High,Mobile,10.97
Store_930,Large,2423,192,23.53,TownA,PC_2754,1,Low,Mobile,12.62
Store_931,Medium,2931,249,24.37,TownB,PC_1463,4,Medium,Mobile,11.77
Store_932,Large,4719,120,26.75,TownA,PC_5267,1,Medium,Mobile,39.33
Store_933,Large,4027,150,41.23,TownB,PC_4158,6,High,Mobile,26.85
Store_934,Medium,3562,137,35.02,TownA,PC_4624,2,Low,Mobile,26.0
Store_935,Small,2679,119,49.52,TownC,PC_5938,5,Low,Mobile,22.51
Store_936,Medium,4613,256,29.52,TownD,PC_6417,7,High,Mobile,18.02
Store_937,Large,1236,278,41.39,TownD,PC_7004,2,Low,Mobile,4.45
Store_938,Small,4350,231,45.5,TownC,PC_9881,6,High,Mobile,18.83
Store_939,Large,1347,154,38.76,TownC,PC_6603,6,Medium,Mobile,8.75
Store_940,Small,3674,298,29.42,TownD,PC_3212,5,High,Mobile,12.33
Store_941,Small,4175,191,41.38,TownC,PC_7120,5,Medium,Mobile,21.86
Store_942,Small,1629,127,22.13,TownB,PC_6818,3,High,Mobile,12.83
Store_943,Small,2540,103,26.46,TownA,PC_1382,2,High,Mobile,24.66
Store_944,Large,3003,249,34.13,TownD,PC_3256,7,Low,Mobile,12.06
Store_945,Large,4943,175,35.14,TownC,PC_2412,1,Low,Fixed,28.25
Store_946,Large,2271,272,15.77,TownB,PC_7146,6,Medium,Mobile,8.35
Store_947,Medium,1363,166,48.08,TownD,PC_1371,6,Medium,Mobile,8.21
Store_948,Small,3368,185,39.38,TownC,PC_6806,3,High,Mobile,18.21
Store_949,Medium,4704,293,32.35,TownD,PC_6565,2,Medium,Mobile,16.05
Store_950,Medium,1285,261,47.66,TownC,PC_9802,2,Medium,Mobile,4.92
Store_951,Medium,1148,190,30.37,TownD,PC_9307,9,Low,Mobile,6.04
Store_952,Small,2107,282,49.32,TownB,PC_8437,5,High,Mobile,7.47
Store_953,Medium,3453,204,32.93,TownB,PC_1446,7,High,Mobile,16.93
Store_954,Medium,4025,100,19.0,TownA,PC_2391,5,Medium,Fixed,40.25
Store_955,Large,1455,171,41.77,TownD,PC_2340,7,Medium,Mobile,8.51
Store_956,Large,2766,186,38.76,TownA,PC_3939,4,Low,Mobile,14.87
Store_957,Medium,1799,265,42.05,TownD,PC_6969,8,Medium,Mobile,6.79
Store_958,Medium,2184,105,48.3,TownC,PC_5813,7,Medium,Mobile,20.8
Store_959,Medium,2012,252,42.18,TownC,PC_4569,5,Low,Fixed,7.98
Store_960,Small,3831,244,36.4,TownA,PC_6454,6,Medium,Mobile,15.7
Store_961,Large,3507,160,45.01,TownD,PC_4150,5,Medium,Fixed,21.92
Store_962,Large,4621,111,38.56,TownA,PC_7414,7,Medium,Mobile,41.63
Store_963,Medium,2523,105,29.28,TownB,PC_5657,2,Medium,Mobile,24.03
Store_964,Small,3785,126,46.0,TownA,PC_7947,5,Low,Mobile,30.04
Store_965,Small,3556,235,22.77,TownA,PC_8943,3,High,Mobile,15.13
Store_966,Medium,4725,223,40.01,TownC,PC_4662,9,High,Mobile,21.19
Store_967,Small,4875,205,45.85,TownA,PC_5482,6,Medium,Mobile,23.78
Store_968,Large,1480,292,40.6,TownD,PC_5797,3,Low,Mobile,5.07
Store_969,Small,2686,284,39.4,TownC,PC_6068,7,High,Mobile,9.46
Store_970,Small,3161,192,41.34,TownA,PC_6480,4,High,Fixed,16.46
Store_971,Large,3796,208,31.28,TownB,PC_9033,3,Medium,Mobile,18.25
Store_972,Medium,2601,198,45.6,TownA,PC_1983,8,Medium,Mobile,13.14
Store_973,Small,3408,267,22.12,TownA,PC_6607,4,Low,Mobile,12.76
Store_974,Small,1340,241,19.46,TownA,PC_9543,1,Medium,Mobile,5.56
Store_975,Small,3817,134,24.99,TownC,PC_2907,6,Low,Mobile,28.49
Store_976,Medium,3010,275,33.61,TownD,PC_7924,1,Medium,Fixed,10.95
Store_977,Small,3808,183,32.87,TownB,PC_9737,5,Medium,Fixed,20.81
Store_978,Medium,4016,155,43.72,TownA,PC_5174,7,Medium,Mobile,25.91
Store_979,Large,3496,276,29.16,TownD,PC_8265,6,Medium,Fixed,12.67
Store_980,Small,2866,240,31.95,TownD,PC_2990,2,Medium,Mobile,11.94
Store_981,Large,1834,288,15.47,TownC,PC_6596,4,Medium,Mobile,6.37
Store_982,Large,2203,148,29.34,TownB,PC_4998,2,Low,Mobile,14.89
Store_983,Small,2725,145,37.67,TownC,PC_4775,1,Low,Mobile,18.79
Store_984,Large,4478,212,15.54,TownD,PC_5645,3,High,Mobile,21.12
Store_985,Medium,2689,289,24.83,TownD,PC_3061,3,Low,Mobile,9.3
Store_986,Large,4267,235,22.28,TownD,PC_5487,7,High,Mobile,18.16
Store_987,Medium,4537,142,16.47,TownC,PC_5435,1,High,Mobile,31.95
Store_988,Medium,1310,247,31.77,TownB,PC_3644,9,Medium,Mobile,5.3
Store_989,Medium,1261,223,21.36,TownA,PC_2045,6,Medium,Fixed,5.65
Store_990,Large,2442,196,41.01,TownC,PC_8951,4,Medium,Mobile,12.46
Store_991,Medium,1405,189,44.68,TownD,PC_7449,3,High,Mobile,7.43
Store_992,Medium,3190,138,34.1,TownC,PC_3681,3,High,Mobile,23.12
Store_993,Large,1341,184,49.36,TownD,PC_4199,2,High,Mobile,7.29
Store_994,Small,2339,276,30.77,TownA,PC_7768,2,Low,Mobile,8.47
Store_995,Small,4172,291,32.97,TownA,PC_8440,5,Medium,Mobile,14.34
Store_996,Small,1243,161,49.62,TownB,PC_9633,9,Medium,Mobile,7.72
Store_997,Small,1489,205,23.1,TownD,PC_3550,2,Medium,Mobile,7.26
Store_998,Small,1011,206,47.99,TownB,PC_5225,2,Low,Mobile,4.91
Store_999,Large,4310,153,16.5,TownB,PC_1596,6,Low,Mobile,28.17
Store_1000,Small,1560,225,30.62,TownA,PC_7054,2,High,Mobile,6.93
